logical_group_id,model,channels,test_domain,metric,estimate,ci_low,ci_high,seed_policy
ablation_channels__all__cnn1d,cnn1d,all,inner,balanced_accuracy,0.955174081000275,0.951654208653737,0.958703431085051,seed_42_per_fold
ablation_channels__all__cnn1d,cnn1d,all,outer,balanced_accuracy,0.950684836327835,0.94707381093011,0.954296928558602,seed_42_per_fold
ablation_channels__all__cnn1d,cnn1d,all,inner,macro_f1,0.877784551285155,0.873167952056347,0.882126217151034,seed_42_per_fold
ablation_channels__all__cnn1d,cnn1d,all,outer,macro_f1,0.852807938927842,0.847933776303588,0.857363783579888,seed_42_per_fold
ablation_channels__all__transformer,transformer,all,inner,balanced_accuracy,0.938512987144806,0.934669867949374,0.942121096712646,seed_42_per_fold
ablation_channels__all__transformer,transformer,all,outer,balanced_accuracy,0.880244992997649,0.875005734860925,0.885109948325095,seed_42_per_fold
ablation_channels__all__transformer,transformer,all,inner,macro_f1,0.790759033940181,0.785256789814659,0.795845405370251,seed_42_per_fold
ablation_channels__all__transformer,transformer,all,outer,macro_f1,0.747603557091675,0.742037607900639,0.753017081500307,seed_42_per_fold
ablation_channels__direction__cnn1d,cnn1d,direction,inner,balanced_accuracy,0.77968320838392,0.773572729030075,0.785479654974963,seed_42_per_fold
ablation_channels__direction__cnn1d,cnn1d,direction,outer,balanced_accuracy,0.779776092657514,0.773596033299451,0.785598903925371,seed_42_per_fold
ablation_channels__direction__cnn1d,cnn1d,direction,inner,macro_f1,0.529646512504168,0.525018323348472,0.533746607178518,seed_42_per_fold
ablation_channels__direction__cnn1d,cnn1d,direction,outer,macro_f1,0.529878727556686,0.525214593514768,0.534000539546559,seed_42_per_fold
ablation_channels__direction__transformer,transformer,direction,inner,balanced_accuracy,0.726172842414681,0.719631252363833,0.732176744334511,seed_42_per_fold
ablation_channels__direction__transformer,transformer,direction,outer,balanced_accuracy,0.726315087988793,0.719580661463734,0.732479318811146,seed_42_per_fold
ablation_channels__direction__transformer,transformer,direction,inner,macro_f1,0.42512835131467,0.421195781727767,0.428893344453191,seed_42_per_fold
ablation_channels__direction__transformer,transformer,direction,outer,macro_f1,0.425737768249543,0.421800821646249,0.429576781628576,seed_42_per_fold
ablation_channels__direction_size__cnn1d,cnn1d,direction_size,inner,balanced_accuracy,0.957650587988719,0.954016782406383,0.961283880413645,seed_42_per_fold
ablation_channels__direction_size__cnn1d,cnn1d,direction_size,outer,balanced_accuracy,0.916869845252285,0.912422554193019,0.92124415485517,seed_42_per_fold
ablation_channels__direction_size__cnn1d,cnn1d,direction_size,inner,macro_f1,0.884318399864914,0.880494205823914,0.888370083346477,seed_42_per_fold
ablation_channels__direction_size__cnn1d,cnn1d,direction_size,outer,macro_f1,0.833772405604853,0.828767045912324,0.83880910862059,seed_42_per_fold
ablation_channels__direction_size__transformer,transformer,direction_size,inner,balanced_accuracy,0.93761755233795,0.933954566523343,0.941250027488802,seed_42_per_fold
ablation_channels__direction_size__transformer,transformer,direction_size,outer,balanced_accuracy,0.821189208754672,0.815492460080428,0.827184182225268,seed_42_per_fold
ablation_channels__direction_size__transformer,transformer,direction_size,inner,macro_f1,0.78728727941674,0.781954887946639,0.792115896017616,seed_42_per_fold
ablation_channels__direction_size__transformer,transformer,direction_size,outer,macro_f1,0.670128797980485,0.664200226943285,0.675438088140187,seed_42_per_fold
ablation_channels__direction_timing__cnn1d,cnn1d,direction_timing,inner,balanced_accuracy,0.892851874275454,0.888203778562917,0.897383574826018,seed_42_per_fold
ablation_channels__direction_timing__cnn1d,cnn1d,direction_timing,outer,balanced_accuracy,0.892271143497786,0.887711208449454,0.896742084006805,seed_42_per_fold
ablation_channels__direction_timing__cnn1d,cnn1d,direction_timing,inner,macro_f1,0.750295071288031,0.745450860494104,0.754802914562793,seed_42_per_fold
ablation_channels__direction_timing__cnn1d,cnn1d,direction_timing,outer,macro_f1,0.748351691421645,0.743499713087214,0.752880273685943,seed_42_per_fold
ablation_channels__direction_timing__transformer,transformer,direction_timing,inner,balanced_accuracy,0.856822371005921,0.852043952976055,0.861725730457002,seed_42_per_fold
ablation_channels__direction_timing__transformer,transformer,direction_timing,outer,balanced_accuracy,0.853678462093115,0.848730471240367,0.858989873997896,seed_42_per_fold
ablation_channels__direction_timing__transformer,transformer,direction_timing,inner,macro_f1,0.591977139319914,0.586921651671433,0.596375245224187,seed_42_per_fold
ablation_channels__direction_timing__transformer,transformer,direction_timing,outer,macro_f1,0.586759793079553,0.581699771127996,0.591057856627169,seed_42_per_fold
ablation_channels__size_timing__cnn1d,cnn1d,size_timing,inner,balanced_accuracy,0.959391782243182,0.955856592659676,0.962658931261379,seed_42_per_fold
ablation_channels__size_timing__cnn1d,cnn1d,size_timing,outer,balanced_accuracy,0.952002119226124,0.948186048445932,0.955692677428556,seed_42_per_fold
ablation_channels__size_timing__cnn1d,cnn1d,size_timing,inner,macro_f1,0.886493260132216,0.882182647721218,0.89084246009564,seed_42_per_fold
ablation_channels__size_timing__cnn1d,cnn1d,size_timing,outer,macro_f1,0.873973946782802,0.869142118258167,0.878294264385277,seed_42_per_fold
ablation_channels__size_timing__transformer,transformer,size_timing,inner,balanced_accuracy,0.950260160392897,0.946444339879734,0.95401765693505,seed_42_per_fold
ablation_channels__size_timing__transformer,transformer,size_timing,outer,balanced_accuracy,0.875124565500791,0.870034565528867,0.880282645359904,seed_42_per_fold
ablation_channels__size_timing__transformer,transformer,size_timing,inner,macro_f1,0.836948957847556,0.832403185259871,0.841083425629556,seed_42_per_fold
ablation_channels__size_timing__transformer,transformer,size_timing,outer,macro_f1,0.760653386920328,0.754858937980941,0.766099194402488,seed_42_per_fold
