logical_group_id,representation,model,train_session,test_session,metric,replicates,inner_estimate,inner_ci_low,inner_ci_high,outer_estimate,outer_ci_low,outer_ci_high,gap_estimate,gap_ci_low,gap_ci_high
cross_session__flattened_splt__random_forest,flattened_splt,random_forest,1,2,balanced_accuracy,1000,0.883228663914516,0.874355446695484,0.891372286594592,0.496293643398085,0.487054322362735,0.50522337618035,-0.386935020516431,-0.396863106364624,-0.376822731930385
cross_session__flattened_splt__random_forest,flattened_splt,random_forest,1,2,macro_f1,1000,0.873905989516584,0.866935293811289,0.880324870440463,0.507741208602158,0.496335636875662,0.517532430399451,-0.366164780914426,-0.376597660590248,-0.355909592591023
cross_session__flattened_splt__random_forest,flattened_splt,random_forest,2,1,balanced_accuracy,1000,0.855224165200698,0.846136057556104,0.863647437606419,0.474742842542859,0.46822297409023,0.480775647960189,-0.380481322657839,-0.390150725501026,-0.371803084047449
cross_session__flattened_splt__random_forest,flattened_splt,random_forest,2,1,macro_f1,1000,0.860838903925369,0.853513449796102,0.867670256222805,0.498265723846696,0.490212486003918,0.505475830603178,-0.362573180078674,-0.37185180639272,-0.353870663869621
cross_session__flattened_splt__xgboost,flattened_splt,xgboost,1,2,balanced_accuracy,1000,0.900567891212171,0.893064543260297,0.907489579040307,0.62249923411427,0.61324330015409,0.631280657527795,-0.278068657097901,-0.286855744019362,-0.26911174849218
cross_session__flattened_splt__xgboost,flattened_splt,xgboost,1,2,macro_f1,1000,0.889482947475748,0.882699184899878,0.8954962942622,0.611691504463607,0.602408151666286,0.62016712728389,-0.27779144301214,-0.286527207622658,-0.269030267762591
cross_session__flattened_splt__xgboost,flattened_splt,xgboost,2,1,balanced_accuracy,1000,0.873712266017579,0.864846002380167,0.881364025940998,0.537161576252694,0.529895281689276,0.545209967657773,-0.336550689764884,-0.345279606730539,-0.327882470886341
cross_session__flattened_splt__xgboost,flattened_splt,xgboost,2,1,macro_f1,1000,0.89248443971992,0.885813739141538,0.898417820587079,0.564349187737465,0.554977303280218,0.57403274609865,-0.328135251982455,-0.337780017083888,-0.31860287218338
cross_session__matched_flow_stats__random_forest,matched_flow_stats,random_forest,1,2,balanced_accuracy,1000,0.841757923483093,0.831935726055291,0.850657576174334,0.698530334080603,0.68700122601407,0.710030576293716,-0.14322758940249,-0.151518207324117,-0.135309448972144
cross_session__matched_flow_stats__random_forest,matched_flow_stats,random_forest,1,2,macro_f1,1000,0.82581712822082,0.817480111087965,0.833093749658322,0.699781057119243,0.688475341058187,0.710248717372246,-0.126036071101577,-0.134502867711576,-0.117841546459376
cross_session__matched_flow_stats__random_forest,matched_flow_stats,random_forest,2,1,balanced_accuracy,1000,0.83804115225712,0.829333931565032,0.846663426505258,0.702759667191439,0.693944195394413,0.711753746348053,-0.135281485065681,-0.141943775011612,-0.128566826502853
cross_session__matched_flow_stats__random_forest,matched_flow_stats,random_forest,2,1,macro_f1,1000,0.831569234071887,0.824413340764186,0.838040386236374,0.701955082065325,0.693282783996864,0.70979969683286,-0.129614152006562,-0.136147899167681,-0.123242363287653
cross_session__matched_flow_stats__xgboost,matched_flow_stats,xgboost,1,2,balanced_accuracy,1000,0.853826003512346,0.843899147670537,0.862501574377564,0.715134002895827,0.704407761062491,0.726003946442085,-0.138692000616518,-0.146963675019885,-0.130036694259858
cross_session__matched_flow_stats__xgboost,matched_flow_stats,xgboost,1,2,macro_f1,1000,0.828152235714841,0.819902493056452,0.835040750089489,0.709618325213033,0.699639054647398,0.718438472532084,-0.118533910501808,-0.126431387090986,-0.111186378141914
cross_session__matched_flow_stats__xgboost,matched_flow_stats,xgboost,2,1,balanced_accuracy,1000,0.849549802022791,0.840661119513942,0.857857261941243,0.691149266843884,0.682559775515363,0.70026781831058,-0.158400535178907,-0.166818742939465,-0.150344572173183
cross_session__matched_flow_stats__xgboost,matched_flow_stats,xgboost,2,1,macro_f1,1000,0.842251406622934,0.835016816000158,0.848932035638916,0.687766344119405,0.67856932298614,0.696252437867741,-0.154485062503529,-0.162268341245462,-0.147294870216069
cross_session__prefix_stats__random_forest,prefix_stats,random_forest,1,2,balanced_accuracy,1000,0.836658823748965,0.827103613112119,0.84632469182731,0.690607688986008,0.680436870969329,0.70175870078912,-0.146051134762957,-0.154488280190997,-0.137300597261865
cross_session__prefix_stats__random_forest,prefix_stats,random_forest,1,2,macro_f1,1000,0.831913256437369,0.823760875677863,0.839943919880805,0.699201513806458,0.689416934112675,0.709373433051817,-0.13271174263091,-0.140926109714401,-0.124441304570156
cross_session__prefix_stats__random_forest,prefix_stats,random_forest,2,1,balanced_accuracy,1000,0.836862095475333,0.827172567451524,0.845615190602991,0.696864011225009,0.687218310735537,0.706494500612111,-0.139998084250324,-0.147042336215574,-0.133656754099416
cross_session__prefix_stats__random_forest,prefix_stats,random_forest,2,1,macro_f1,1000,0.835660569916734,0.828487578480198,0.842936710528183,0.701301695743535,0.692375490488252,0.709966067103725,-0.1343588741732,-0.140998205056758,-0.127553698813517
cross_session__prefix_stats__xgboost,prefix_stats,xgboost,1,2,balanced_accuracy,1000,0.851072337981009,0.840929106275489,0.859158533672083,0.69155422120551,0.680027577278596,0.701656745450292,-0.159518116775499,-0.167876778727336,-0.15102591286454
cross_session__prefix_stats__xgboost,prefix_stats,xgboost,1,2,macro_f1,1000,0.822114916395469,0.813607612366062,0.828710772764089,0.683153781839346,0.672716701559264,0.69130590818512,-0.138961134556123,-0.146382371479003,-0.131957502774491
cross_session__prefix_stats__xgboost,prefix_stats,xgboost,2,1,balanced_accuracy,1000,0.83872148270633,0.829412154269893,0.847156198726665,0.671332292983641,0.66189838614886,0.680994795749976,-0.167389189722689,-0.175870949767294,-0.158290158058322
cross_session__prefix_stats__xgboost,prefix_stats,xgboost,2,1,macro_f1,1000,0.84607017182856,0.838523478872512,0.85265472694764,0.683561316931365,0.67389958010869,0.692796847961085,-0.162508854897195,-0.170934293187803,-0.154165491065253
cross_session__sequential_splt__cnn1d,sequential_splt,cnn1d,1,2,balanced_accuracy,1000,0.91362843045181,0.906571458935464,0.92039560330899,0.906234197037074,0.899152880583945,0.912813449413566,-0.007394233414736,-0.010021559179394,-0.00485379594862511
cross_session__sequential_splt__cnn1d,sequential_splt,cnn1d,1,2,macro_f1,1000,0.830967513718013,0.822742712015465,0.838461329611897,0.811649812135657,0.803394240678565,0.819199046436501,-0.0193177015823557,-0.0228420043416257,-0.0156634851839847
cross_session__sequential_splt__cnn1d,sequential_splt,cnn1d,2,1,balanced_accuracy,1000,0.90253473768323,0.895529085067275,0.90989742195224,0.898331284164242,0.891321294491045,0.906151484552065,-0.0042034535189881,-0.00728804721224112,-0.00105608799902388
cross_session__sequential_splt__cnn1d,sequential_splt,cnn1d,2,1,macro_f1,1000,0.831134748893912,0.824121132646046,0.837736959290141,0.787933815126291,0.780509229591095,0.795989904113927,-0.0432009337676209,-0.0478184713653468,-0.0382526878879208
cross_session__sequential_splt__lstm,sequential_splt,lstm,1,2,balanced_accuracy,1000,0.905642748549356,0.897938894232933,0.912881918287596,0.840291132932933,0.832417469548828,0.848371276925751,-0.0653516156164229,-0.0707674434641985,-0.0599972831152773
cross_session__sequential_splt__lstm,sequential_splt,lstm,1,2,macro_f1,1000,0.821111701362969,0.811972902102021,0.829309051531303,0.738099563823429,0.730116807202731,0.745895013196061,-0.0830121375395396,-0.0894040810393166,-0.0762960156015705
cross_session__sequential_splt__lstm,sequential_splt,lstm,2,1,balanced_accuracy,1000,0.893139148666236,0.885742663060897,0.900511124155317,0.826501249344567,0.818101725383887,0.834301657188091,-0.0666378993216682,-0.0737148997220546,-0.0595003691015951
cross_session__sequential_splt__lstm,sequential_splt,lstm,2,1,macro_f1,1000,0.815088996515277,0.807744851502235,0.821908220706629,0.750251681079909,0.742249210303679,0.75781105669428,-0.0648373154353676,-0.0711745457677556,-0.0583989933993904
cross_session__sequential_splt__transformer,sequential_splt,transformer,1,2,balanced_accuracy,1000,0.899350467778529,0.892147477664791,0.907061050762995,0.858588111849049,0.850273423788814,0.866927897324385,-0.0407623559294794,-0.0463571806711976,-0.0356890055530137
cross_session__sequential_splt__transformer,sequential_splt,transformer,1,2,macro_f1,1000,0.785862174971104,0.777590268507463,0.79334378726338,0.744958964503064,0.735640778118943,0.752995535845012,-0.0409032104680405,-0.0469197157321388,-0.0347818393468873
cross_session__sequential_splt__transformer,sequential_splt,transformer,2,1,balanced_accuracy,1000,0.865538434397,0.858097979282963,0.872929152458077,0.802930555301746,0.795472219744023,0.810606291122237,-0.0626078790952544,-0.0685184531077621,-0.056602935486615
cross_session__sequential_splt__transformer,sequential_splt,transformer,2,1,macro_f1,1000,0.681799932232629,0.674548347190861,0.689408026494458,0.666400862212247,0.6584757145736,0.674100845410977,-0.0153990700203823,-0.0209334643380595,-0.0103352846604121
