logical_group_id,true_label,predicted_label,support,count,row_fraction
primary__sequential_splt__cnn1d__train_inner,Chat,Chat,3985,3800,0.95357590966123
primary__sequential_splt__cnn1d__train_inner,Chat,Cloud,3985,2,0.000501882057716437
primary__sequential_splt__cnn1d__train_inner,Chat,Collaborative,3985,9,0.00225846925972396
primary__sequential_splt__cnn1d__train_inner,Chat,ConnCheck,3985,0,0
primary__sequential_splt__cnn1d__train_inner,Chat,Database,3985,1,0.000250941028858218
primary__sequential_splt__cnn1d__train_inner,Chat,Download,3985,29,0.00727728983688833
primary__sequential_splt__cnn1d__train_inner,Chat,Email,3985,2,0.000501882057716437
primary__sequential_splt__cnn1d__train_inner,Chat,Network,3985,0,0
primary__sequential_splt__cnn1d__train_inner,Chat,SocialNetwork,3985,4,0.00100376411543287
primary__sequential_splt__cnn1d__train_inner,Chat,SoftwareUpdate,3985,0,0
primary__sequential_splt__cnn1d__train_inner,Chat,System,3985,1,0.000250941028858218
primary__sequential_splt__cnn1d__train_inner,Chat,Unspecified,3985,4,0.00100376411543287
primary__sequential_splt__cnn1d__train_inner,Chat,VoIP,3985,12,0.00301129234629862
primary__sequential_splt__cnn1d__train_inner,Chat,Web,3985,121,0.0303638644918444
primary__sequential_splt__cnn1d__train_inner,Cloud,Chat,5778,3,0.000519210799584631
primary__sequential_splt__cnn1d__train_inner,Cloud,Cloud,5778,5687,0.984250605745933
primary__sequential_splt__cnn1d__train_inner,Cloud,Collaborative,5778,42,0.00726895119418484
primary__sequential_splt__cnn1d__train_inner,Cloud,ConnCheck,5778,3,0.000519210799584631
primary__sequential_splt__cnn1d__train_inner,Cloud,Database,5778,0,0
primary__sequential_splt__cnn1d__train_inner,Cloud,Download,5778,9,0.00155763239875389
primary__sequential_splt__cnn1d__train_inner,Cloud,Email,5778,0,0
primary__sequential_splt__cnn1d__train_inner,Cloud,Network,5778,0,0
primary__sequential_splt__cnn1d__train_inner,Cloud,SocialNetwork,5778,5,0.000865351332641052
primary__sequential_splt__cnn1d__train_inner,Cloud,SoftwareUpdate,5778,2,0.000346140533056421
primary__sequential_splt__cnn1d__train_inner,Cloud,System,5778,0,0
primary__sequential_splt__cnn1d__train_inner,Cloud,Unspecified,5778,0,0
primary__sequential_splt__cnn1d__train_inner,Cloud,VoIP,5778,3,0.000519210799584631
primary__sequential_splt__cnn1d__train_inner,Cloud,Web,5778,24,0.00415368639667705
primary__sequential_splt__cnn1d__train_inner,Collaborative,Chat,6632,6,0.000904704463208685
primary__sequential_splt__cnn1d__train_inner,Collaborative,Cloud,6632,34,0.00512665862484922
primary__sequential_splt__cnn1d__train_inner,Collaborative,Collaborative,6632,6008,0.905910735826297
primary__sequential_splt__cnn1d__train_inner,Collaborative,ConnCheck,6632,0,0
primary__sequential_splt__cnn1d__train_inner,Collaborative,Database,6632,0,0
primary__sequential_splt__cnn1d__train_inner,Collaborative,Download,6632,5,0.000753920386007238
primary__sequential_splt__cnn1d__train_inner,Collaborative,Email,6632,2,0.000301568154402895
primary__sequential_splt__cnn1d__train_inner,Collaborative,Network,6632,0,0
primary__sequential_splt__cnn1d__train_inner,Collaborative,SocialNetwork,6632,3,0.000452352231604343
primary__sequential_splt__cnn1d__train_inner,Collaborative,SoftwareUpdate,6632,8,0.00120627261761158
primary__sequential_splt__cnn1d__train_inner,Collaborative,System,6632,1,0.000150784077201448
primary__sequential_splt__cnn1d__train_inner,Collaborative,Unspecified,6632,1,0.000150784077201448
primary__sequential_splt__cnn1d__train_inner,Collaborative,VoIP,6632,10,0.00150784077201448
primary__sequential_splt__cnn1d__train_inner,Collaborative,Web,6632,554,0.0835343787696019
primary__sequential_splt__cnn1d__train_inner,ConnCheck,Chat,281,2,0.00711743772241993
primary__sequential_splt__cnn1d__train_inner,ConnCheck,Cloud,281,0,0
primary__sequential_splt__cnn1d__train_inner,ConnCheck,Collaborative,281,0,0
primary__sequential_splt__cnn1d__train_inner,ConnCheck,ConnCheck,281,271,0.9644128113879
primary__sequential_splt__cnn1d__train_inner,ConnCheck,Database,281,0,0
primary__sequential_splt__cnn1d__train_inner,ConnCheck,Download,281,0,0
primary__sequential_splt__cnn1d__train_inner,ConnCheck,Email,281,0,0
primary__sequential_splt__cnn1d__train_inner,ConnCheck,Network,281,1,0.00355871886120996
primary__sequential_splt__cnn1d__train_inner,ConnCheck,SocialNetwork,281,0,0
primary__sequential_splt__cnn1d__train_inner,ConnCheck,SoftwareUpdate,281,1,0.00355871886120996
primary__sequential_splt__cnn1d__train_inner,ConnCheck,System,281,0,0
primary__sequential_splt__cnn1d__train_inner,ConnCheck,Unspecified,281,0,0
primary__sequential_splt__cnn1d__train_inner,ConnCheck,VoIP,281,2,0.00711743772241993
primary__sequential_splt__cnn1d__train_inner,ConnCheck,Web,281,4,0.0142348754448399
primary__sequential_splt__cnn1d__train_inner,Database,Chat,327,0,0
primary__sequential_splt__cnn1d__train_inner,Database,Cloud,327,0,0
primary__sequential_splt__cnn1d__train_inner,Database,Collaborative,327,0,0
primary__sequential_splt__cnn1d__train_inner,Database,ConnCheck,327,0,0
primary__sequential_splt__cnn1d__train_inner,Database,Database,327,315,0.963302752293578
primary__sequential_splt__cnn1d__train_inner,Database,Download,327,0,0
primary__sequential_splt__cnn1d__train_inner,Database,Email,327,4,0.0122324159021407
primary__sequential_splt__cnn1d__train_inner,Database,Network,327,0,0
primary__sequential_splt__cnn1d__train_inner,Database,SocialNetwork,327,0,0
primary__sequential_splt__cnn1d__train_inner,Database,SoftwareUpdate,327,0,0
primary__sequential_splt__cnn1d__train_inner,Database,System,327,1,0.00305810397553517
primary__sequential_splt__cnn1d__train_inner,Database,Unspecified,327,6,0.018348623853211
primary__sequential_splt__cnn1d__train_inner,Database,VoIP,327,1,0.00305810397553517
primary__sequential_splt__cnn1d__train_inner,Database,Web,327,0,0
primary__sequential_splt__cnn1d__train_inner,Download,Chat,651,23,0.0353302611367127
primary__sequential_splt__cnn1d__train_inner,Download,Cloud,651,8,0.0122887864823349
primary__sequential_splt__cnn1d__train_inner,Download,Collaborative,651,3,0.00460829493087558
primary__sequential_splt__cnn1d__train_inner,Download,ConnCheck,651,0,0
primary__sequential_splt__cnn1d__train_inner,Download,Database,651,0,0
primary__sequential_splt__cnn1d__train_inner,Download,Download,651,569,0.874039938556068
primary__sequential_splt__cnn1d__train_inner,Download,Email,651,0,0
primary__sequential_splt__cnn1d__train_inner,Download,Network,651,0,0
primary__sequential_splt__cnn1d__train_inner,Download,SocialNetwork,651,3,0.00460829493087558
primary__sequential_splt__cnn1d__train_inner,Download,SoftwareUpdate,651,31,0.0476190476190476
primary__sequential_splt__cnn1d__train_inner,Download,System,651,0,0
primary__sequential_splt__cnn1d__train_inner,Download,Unspecified,651,1,0.00153609831029186
primary__sequential_splt__cnn1d__train_inner,Download,VoIP,651,0,0
primary__sequential_splt__cnn1d__train_inner,Download,Web,651,13,0.0199692780337942
primary__sequential_splt__cnn1d__train_inner,Email,Chat,391,1,0.00255754475703325
primary__sequential_splt__cnn1d__train_inner,Email,Cloud,391,0,0
primary__sequential_splt__cnn1d__train_inner,Email,Collaborative,391,2,0.0051150895140665
primary__sequential_splt__cnn1d__train_inner,Email,ConnCheck,391,0,0
primary__sequential_splt__cnn1d__train_inner,Email,Database,391,2,0.0051150895140665
primary__sequential_splt__cnn1d__train_inner,Email,Download,391,0,0
primary__sequential_splt__cnn1d__train_inner,Email,Email,391,375,0.959079283887468
primary__sequential_splt__cnn1d__train_inner,Email,Network,391,0,0
primary__sequential_splt__cnn1d__train_inner,Email,SocialNetwork,391,0,0
primary__sequential_splt__cnn1d__train_inner,Email,SoftwareUpdate,391,0,0
primary__sequential_splt__cnn1d__train_inner,Email,System,391,0,0
primary__sequential_splt__cnn1d__train_inner,Email,Unspecified,391,8,0.020460358056266
primary__sequential_splt__cnn1d__train_inner,Email,VoIP,391,2,0.0051150895140665
primary__sequential_splt__cnn1d__train_inner,Email,Web,391,1,0.00255754475703325
primary__sequential_splt__cnn1d__train_inner,Network,Chat,84447,27,0.000319727166151551
primary__sequential_splt__cnn1d__train_inner,Network,Cloud,84447,13,0.000153942709628524
primary__sequential_splt__cnn1d__train_inner,Network,Collaborative,84447,18,0.000213151444101034
primary__sequential_splt__cnn1d__train_inner,Network,ConnCheck,84447,5,5.92087344725094e-05
primary__sequential_splt__cnn1d__train_inner,Network,Database,84447,9,0.000106575722050517
primary__sequential_splt__cnn1d__train_inner,Network,Download,84447,13,0.000153942709628524
primary__sequential_splt__cnn1d__train_inner,Network,Email,84447,4,4.73669875780075e-05
primary__sequential_splt__cnn1d__train_inner,Network,Network,84447,83756,0.991817352895899
primary__sequential_splt__cnn1d__train_inner,Network,SocialNetwork,84447,5,5.92087344725094e-05
primary__sequential_splt__cnn1d__train_inner,Network,SoftwareUpdate,84447,3,3.55252406835056e-05
primary__sequential_splt__cnn1d__train_inner,Network,System,84447,105,0.0012433834239227
primary__sequential_splt__cnn1d__train_inner,Network,Unspecified,84447,10,0.000118417468945019
primary__sequential_splt__cnn1d__train_inner,Network,VoIP,84447,443,0.00524589387426433
primary__sequential_splt__cnn1d__train_inner,Network,Web,84447,36,0.000426302888202068
primary__sequential_splt__cnn1d__train_inner,SocialNetwork,Chat,3883,15,0.00386299253154777
primary__sequential_splt__cnn1d__train_inner,SocialNetwork,Cloud,3883,12,0.00309039402523822
primary__sequential_splt__cnn1d__train_inner,SocialNetwork,Collaborative,3883,3,0.000772598506309554
primary__sequential_splt__cnn1d__train_inner,SocialNetwork,ConnCheck,3883,1,0.000257532835436518
primary__sequential_splt__cnn1d__train_inner,SocialNetwork,Database,3883,0,0
primary__sequential_splt__cnn1d__train_inner,SocialNetwork,Download,3883,3,0.000772598506309554
primary__sequential_splt__cnn1d__train_inner,SocialNetwork,Email,3883,0,0
primary__sequential_splt__cnn1d__train_inner,SocialNetwork,Network,3883,0,0
primary__sequential_splt__cnn1d__train_inner,SocialNetwork,SocialNetwork,3883,3818,0.983260365696626
primary__sequential_splt__cnn1d__train_inner,SocialNetwork,SoftwareUpdate,3883,0,0
primary__sequential_splt__cnn1d__train_inner,SocialNetwork,System,3883,0,0
primary__sequential_splt__cnn1d__train_inner,SocialNetwork,Unspecified,3883,0,0
primary__sequential_splt__cnn1d__train_inner,SocialNetwork,VoIP,3883,1,0.000257532835436518
primary__sequential_splt__cnn1d__train_inner,SocialNetwork,Web,3883,30,0.00772598506309554
primary__sequential_splt__cnn1d__train_inner,SoftwareUpdate,Chat,737,5,0.0067842605156038
primary__sequential_splt__cnn1d__train_inner,SoftwareUpdate,Cloud,737,15,0.0203527815468114
primary__sequential_splt__cnn1d__train_inner,SoftwareUpdate,Collaborative,737,2,0.00271370420624152
primary__sequential_splt__cnn1d__train_inner,SoftwareUpdate,ConnCheck,737,2,0.00271370420624152
primary__sequential_splt__cnn1d__train_inner,SoftwareUpdate,Database,737,0,0
primary__sequential_splt__cnn1d__train_inner,SoftwareUpdate,Download,737,14,0.0189959294436906
primary__sequential_splt__cnn1d__train_inner,SoftwareUpdate,Email,737,0,0
primary__sequential_splt__cnn1d__train_inner,SoftwareUpdate,Network,737,0,0
primary__sequential_splt__cnn1d__train_inner,SoftwareUpdate,SocialNetwork,737,0,0
primary__sequential_splt__cnn1d__train_inner,SoftwareUpdate,SoftwareUpdate,737,688,0.933514246947083
primary__sequential_splt__cnn1d__train_inner,SoftwareUpdate,System,737,0,0
primary__sequential_splt__cnn1d__train_inner,SoftwareUpdate,Unspecified,737,0,0
primary__sequential_splt__cnn1d__train_inner,SoftwareUpdate,VoIP,737,0,0
primary__sequential_splt__cnn1d__train_inner,SoftwareUpdate,Web,737,11,0.0149253731343284
primary__sequential_splt__cnn1d__train_inner,System,Chat,1230,0,0
primary__sequential_splt__cnn1d__train_inner,System,Cloud,1230,0,0
primary__sequential_splt__cnn1d__train_inner,System,Collaborative,1230,0,0
primary__sequential_splt__cnn1d__train_inner,System,ConnCheck,1230,0,0
primary__sequential_splt__cnn1d__train_inner,System,Database,1230,0,0
primary__sequential_splt__cnn1d__train_inner,System,Download,1230,0,0
primary__sequential_splt__cnn1d__train_inner,System,Email,1230,0,0
primary__sequential_splt__cnn1d__train_inner,System,Network,1230,5,0.0040650406504065
primary__sequential_splt__cnn1d__train_inner,System,SocialNetwork,1230,0,0
primary__sequential_splt__cnn1d__train_inner,System,SoftwareUpdate,1230,0,0
primary__sequential_splt__cnn1d__train_inner,System,System,1230,1219,0.991056910569106
primary__sequential_splt__cnn1d__train_inner,System,Unspecified,1230,1,0.000813008130081301
primary__sequential_splt__cnn1d__train_inner,System,VoIP,1230,5,0.0040650406504065
primary__sequential_splt__cnn1d__train_inner,System,Web,1230,0,0
primary__sequential_splt__cnn1d__train_inner,Unspecified,Chat,5680,13,0.0022887323943662
primary__sequential_splt__cnn1d__train_inner,Unspecified,Cloud,5680,0,0
primary__sequential_splt__cnn1d__train_inner,Unspecified,Collaborative,5680,1,0.000176056338028169
primary__sequential_splt__cnn1d__train_inner,Unspecified,ConnCheck,5680,1,0.000176056338028169
primary__sequential_splt__cnn1d__train_inner,Unspecified,Database,5680,6,0.00105633802816901
primary__sequential_splt__cnn1d__train_inner,Unspecified,Download,5680,0,0
primary__sequential_splt__cnn1d__train_inner,Unspecified,Email,5680,55,0.0096830985915493
primary__sequential_splt__cnn1d__train_inner,Unspecified,Network,5680,13,0.0022887323943662
primary__sequential_splt__cnn1d__train_inner,Unspecified,SocialNetwork,5680,0,0
primary__sequential_splt__cnn1d__train_inner,Unspecified,SoftwareUpdate,5680,0,0
primary__sequential_splt__cnn1d__train_inner,Unspecified,System,5680,0,0
primary__sequential_splt__cnn1d__train_inner,Unspecified,Unspecified,5680,5569,0.980457746478873
primary__sequential_splt__cnn1d__train_inner,Unspecified,VoIP,5680,14,0.00246478873239437
primary__sequential_splt__cnn1d__train_inner,Unspecified,Web,5680,8,0.00140845070422535
primary__sequential_splt__cnn1d__train_inner,VoIP,Chat,1569,1,0.000637348629700446
primary__sequential_splt__cnn1d__train_inner,VoIP,Cloud,1569,0,0
primary__sequential_splt__cnn1d__train_inner,VoIP,Collaborative,1569,7,0.00446144040790312
primary__sequential_splt__cnn1d__train_inner,VoIP,ConnCheck,1569,0,0
primary__sequential_splt__cnn1d__train_inner,VoIP,Database,1569,2,0.00127469725940089
primary__sequential_splt__cnn1d__train_inner,VoIP,Download,1569,0,0
primary__sequential_splt__cnn1d__train_inner,VoIP,Email,1569,1,0.000637348629700446
primary__sequential_splt__cnn1d__train_inner,VoIP,Network,1569,19,0.0121096239643085
primary__sequential_splt__cnn1d__train_inner,VoIP,SocialNetwork,1569,0,0
primary__sequential_splt__cnn1d__train_inner,VoIP,SoftwareUpdate,1569,0,0
primary__sequential_splt__cnn1d__train_inner,VoIP,System,1569,3,0.00191204588910134
primary__sequential_splt__cnn1d__train_inner,VoIP,Unspecified,1569,8,0.00509878903760357
primary__sequential_splt__cnn1d__train_inner,VoIP,VoIP,1569,1521,0.969407265774379
primary__sequential_splt__cnn1d__train_inner,VoIP,Web,1569,7,0.00446144040790312
primary__sequential_splt__cnn1d__train_inner,Web,Chat,110690,716,0.006468515674406
primary__sequential_splt__cnn1d__train_inner,Web,Cloud,110690,673,0.00608004336435089
primary__sequential_splt__cnn1d__train_inner,Web,Collaborative,110690,2864,0.025874062697624
primary__sequential_splt__cnn1d__train_inner,Web,ConnCheck,110690,66,0.000596259824735748
primary__sequential_splt__cnn1d__train_inner,Web,Database,110690,59,0.000533020146354684
primary__sequential_splt__cnn1d__train_inner,Web,Download,110690,218,0.00196946426958171
primary__sequential_splt__cnn1d__train_inner,Web,Email,110690,19,0.000171650555605746
primary__sequential_splt__cnn1d__train_inner,Web,Network,110690,20,0.000180684795374469
primary__sequential_splt__cnn1d__train_inner,Web,SocialNetwork,110690,96,0.000867287017797452
primary__sequential_splt__cnn1d__train_inner,Web,SoftwareUpdate,110690,106,0.000957629415484687
primary__sequential_splt__cnn1d__train_inner,Web,System,110690,5,4.51711988436173e-05
primary__sequential_splt__cnn1d__train_inner,Web,Unspecified,110690,115,0.0010389375734032
primary__sequential_splt__cnn1d__train_inner,Web,VoIP,110690,191,0.00172553979582618
primary__sequential_splt__cnn1d__train_inner,Web,Web,110690,105542,0.953491733670612
primary__matched_flow_stats__xgboost__train_inner,Chat,Chat,3985,3448,0.865244667503137
primary__matched_flow_stats__xgboost__train_inner,Chat,Cloud,3985,2,0.000501882057716437
primary__matched_flow_stats__xgboost__train_inner,Chat,Collaborative,3985,10,0.00250941028858218
primary__matched_flow_stats__xgboost__train_inner,Chat,ConnCheck,3985,1,0.000250941028858218
primary__matched_flow_stats__xgboost__train_inner,Chat,Database,3985,1,0.000250941028858218
primary__matched_flow_stats__xgboost__train_inner,Chat,Download,3985,38,0.0095357590966123
primary__matched_flow_stats__xgboost__train_inner,Chat,Email,3985,0,0
primary__matched_flow_stats__xgboost__train_inner,Chat,Network,3985,4,0.00100376411543287
primary__matched_flow_stats__xgboost__train_inner,Chat,SocialNetwork,3985,18,0.00451693851944793
primary__matched_flow_stats__xgboost__train_inner,Chat,SoftwareUpdate,3985,8,0.00200752823086575
primary__matched_flow_stats__xgboost__train_inner,Chat,System,3985,0,0
primary__matched_flow_stats__xgboost__train_inner,Chat,Unspecified,3985,21,0.00526976160602258
primary__matched_flow_stats__xgboost__train_inner,Chat,VoIP,3985,11,0.0027603513174404
primary__matched_flow_stats__xgboost__train_inner,Chat,Web,3985,423,0.106148055207026
primary__matched_flow_stats__xgboost__train_inner,Cloud,Chat,5778,12,0.00207684319833853
primary__matched_flow_stats__xgboost__train_inner,Cloud,Cloud,5778,4888,0.845967462789893
primary__matched_flow_stats__xgboost__train_inner,Cloud,Collaborative,5778,70,0.0121149186569747
primary__matched_flow_stats__xgboost__train_inner,Cloud,ConnCheck,5778,0,0
primary__matched_flow_stats__xgboost__train_inner,Cloud,Database,5778,0,0
primary__matched_flow_stats__xgboost__train_inner,Cloud,Download,5778,4,0.000692281066112842
primary__matched_flow_stats__xgboost__train_inner,Cloud,Email,5778,0,0
primary__matched_flow_stats__xgboost__train_inner,Cloud,Network,5778,4,0.000692281066112842
primary__matched_flow_stats__xgboost__train_inner,Cloud,SocialNetwork,5778,14,0.00242298373139495
primary__matched_flow_stats__xgboost__train_inner,Cloud,SoftwareUpdate,5778,5,0.000865351332641052
primary__matched_flow_stats__xgboost__train_inner,Cloud,System,5778,0,0
primary__matched_flow_stats__xgboost__train_inner,Cloud,Unspecified,5778,2,0.000346140533056421
primary__matched_flow_stats__xgboost__train_inner,Cloud,VoIP,5778,10,0.0017307026652821
primary__matched_flow_stats__xgboost__train_inner,Cloud,Web,5778,769,0.133091034960194
primary__matched_flow_stats__xgboost__train_inner,Collaborative,Chat,6632,25,0.00376960193003619
primary__matched_flow_stats__xgboost__train_inner,Collaborative,Cloud,6632,23,0.00346803377563329
primary__matched_flow_stats__xgboost__train_inner,Collaborative,Collaborative,6632,5009,0.755277442702051
primary__matched_flow_stats__xgboost__train_inner,Collaborative,ConnCheck,6632,1,0.000150784077201448
primary__matched_flow_stats__xgboost__train_inner,Collaborative,Database,6632,0,0
primary__matched_flow_stats__xgboost__train_inner,Collaborative,Download,6632,1,0.000150784077201448
primary__matched_flow_stats__xgboost__train_inner,Collaborative,Email,6632,1,0.000150784077201448
primary__matched_flow_stats__xgboost__train_inner,Collaborative,Network,6632,10,0.00150784077201448
primary__matched_flow_stats__xgboost__train_inner,Collaborative,SocialNetwork,6632,2,0.000301568154402895
primary__matched_flow_stats__xgboost__train_inner,Collaborative,SoftwareUpdate,6632,21,0.0031664656212304
primary__matched_flow_stats__xgboost__train_inner,Collaborative,System,6632,0,0
primary__matched_flow_stats__xgboost__train_inner,Collaborative,Unspecified,6632,2,0.000301568154402895
primary__matched_flow_stats__xgboost__train_inner,Collaborative,VoIP,6632,116,0.0174909529553679
primary__matched_flow_stats__xgboost__train_inner,Collaborative,Web,6632,1421,0.214264173703257
primary__matched_flow_stats__xgboost__train_inner,ConnCheck,Chat,281,5,0.0177935943060498
primary__matched_flow_stats__xgboost__train_inner,ConnCheck,Cloud,281,0,0
primary__matched_flow_stats__xgboost__train_inner,ConnCheck,Collaborative,281,1,0.00355871886120996
primary__matched_flow_stats__xgboost__train_inner,ConnCheck,ConnCheck,281,245,0.871886120996441
primary__matched_flow_stats__xgboost__train_inner,ConnCheck,Database,281,0,0
primary__matched_flow_stats__xgboost__train_inner,ConnCheck,Download,281,5,0.0177935943060498
primary__matched_flow_stats__xgboost__train_inner,ConnCheck,Email,281,0,0
primary__matched_flow_stats__xgboost__train_inner,ConnCheck,Network,281,0,0
primary__matched_flow_stats__xgboost__train_inner,ConnCheck,SocialNetwork,281,0,0
primary__matched_flow_stats__xgboost__train_inner,ConnCheck,SoftwareUpdate,281,3,0.0106761565836299
primary__matched_flow_stats__xgboost__train_inner,ConnCheck,System,281,0,0
primary__matched_flow_stats__xgboost__train_inner,ConnCheck,Unspecified,281,0,0
primary__matched_flow_stats__xgboost__train_inner,ConnCheck,VoIP,281,0,0
primary__matched_flow_stats__xgboost__train_inner,ConnCheck,Web,281,22,0.0782918149466192
primary__matched_flow_stats__xgboost__train_inner,Database,Chat,327,0,0
primary__matched_flow_stats__xgboost__train_inner,Database,Cloud,327,0,0
primary__matched_flow_stats__xgboost__train_inner,Database,Collaborative,327,0,0
primary__matched_flow_stats__xgboost__train_inner,Database,ConnCheck,327,0,0
primary__matched_flow_stats__xgboost__train_inner,Database,Database,327,322,0.984709480122324
primary__matched_flow_stats__xgboost__train_inner,Database,Download,327,0,0
primary__matched_flow_stats__xgboost__train_inner,Database,Email,327,0,0
primary__matched_flow_stats__xgboost__train_inner,Database,Network,327,0,0
primary__matched_flow_stats__xgboost__train_inner,Database,SocialNetwork,327,0,0
primary__matched_flow_stats__xgboost__train_inner,Database,SoftwareUpdate,327,0,0
primary__matched_flow_stats__xgboost__train_inner,Database,System,327,0,0
primary__matched_flow_stats__xgboost__train_inner,Database,Unspecified,327,5,0.0152905198776758
primary__matched_flow_stats__xgboost__train_inner,Database,VoIP,327,0,0
primary__matched_flow_stats__xgboost__train_inner,Database,Web,327,0,0
primary__matched_flow_stats__xgboost__train_inner,Download,Chat,651,20,0.0307219662058372
primary__matched_flow_stats__xgboost__train_inner,Download,Cloud,651,1,0.00153609831029186
primary__matched_flow_stats__xgboost__train_inner,Download,Collaborative,651,2,0.00307219662058372
primary__matched_flow_stats__xgboost__train_inner,Download,ConnCheck,651,1,0.00153609831029186
primary__matched_flow_stats__xgboost__train_inner,Download,Database,651,0,0
primary__matched_flow_stats__xgboost__train_inner,Download,Download,651,534,0.820276497695853
primary__matched_flow_stats__xgboost__train_inner,Download,Email,651,0,0
primary__matched_flow_stats__xgboost__train_inner,Download,Network,651,0,0
primary__matched_flow_stats__xgboost__train_inner,Download,SocialNetwork,651,1,0.00153609831029186
primary__matched_flow_stats__xgboost__train_inner,Download,SoftwareUpdate,651,7,0.010752688172043
primary__matched_flow_stats__xgboost__train_inner,Download,System,651,0,0
primary__matched_flow_stats__xgboost__train_inner,Download,Unspecified,651,1,0.00153609831029186
primary__matched_flow_stats__xgboost__train_inner,Download,VoIP,651,0,0
primary__matched_flow_stats__xgboost__train_inner,Download,Web,651,84,0.129032258064516
primary__matched_flow_stats__xgboost__train_inner,Email,Chat,391,2,0.0051150895140665
primary__matched_flow_stats__xgboost__train_inner,Email,Cloud,391,2,0.0051150895140665
primary__matched_flow_stats__xgboost__train_inner,Email,Collaborative,391,2,0.0051150895140665
primary__matched_flow_stats__xgboost__train_inner,Email,ConnCheck,391,0,0
primary__matched_flow_stats__xgboost__train_inner,Email,Database,391,8,0.020460358056266
primary__matched_flow_stats__xgboost__train_inner,Email,Download,391,0,0
primary__matched_flow_stats__xgboost__train_inner,Email,Email,391,315,0.805626598465473
primary__matched_flow_stats__xgboost__train_inner,Email,Network,391,0,0
primary__matched_flow_stats__xgboost__train_inner,Email,SocialNetwork,391,0,0
primary__matched_flow_stats__xgboost__train_inner,Email,SoftwareUpdate,391,0,0
primary__matched_flow_stats__xgboost__train_inner,Email,System,391,0,0
primary__matched_flow_stats__xgboost__train_inner,Email,Unspecified,391,24,0.061381074168798
primary__matched_flow_stats__xgboost__train_inner,Email,VoIP,391,0,0
primary__matched_flow_stats__xgboost__train_inner,Email,Web,391,38,0.0971867007672634
primary__matched_flow_stats__xgboost__train_inner,Network,Chat,84447,32,0.00037893590062406
primary__matched_flow_stats__xgboost__train_inner,Network,Cloud,84447,14,0.000165784456523026
primary__matched_flow_stats__xgboost__train_inner,Network,Collaborative,84447,2,2.36834937890038e-05
primary__matched_flow_stats__xgboost__train_inner,Network,ConnCheck,84447,2,2.36834937890038e-05
primary__matched_flow_stats__xgboost__train_inner,Network,Database,84447,16,0.00018946795031203
primary__matched_flow_stats__xgboost__train_inner,Network,Download,84447,75,0.000888131017087641
primary__matched_flow_stats__xgboost__train_inner,Network,Email,84447,0,0
primary__matched_flow_stats__xgboost__train_inner,Network,Network,84447,84080,0.995654078889718
primary__matched_flow_stats__xgboost__train_inner,Network,SocialNetwork,84447,1,1.18417468945019e-05
primary__matched_flow_stats__xgboost__train_inner,Network,SoftwareUpdate,84447,3,3.55252406835056e-05
primary__matched_flow_stats__xgboost__train_inner,Network,System,84447,0,0
primary__matched_flow_stats__xgboost__train_inner,Network,Unspecified,84447,8,9.4733975156015e-05
primary__matched_flow_stats__xgboost__train_inner,Network,VoIP,84447,68,0.000805238788826128
primary__matched_flow_stats__xgboost__train_inner,Network,Web,84447,146,0.00172889504659727
primary__matched_flow_stats__xgboost__train_inner,SocialNetwork,Chat,3883,48,0.0123615761009529
primary__matched_flow_stats__xgboost__train_inner,SocialNetwork,Cloud,3883,7,0.00180272984805563
primary__matched_flow_stats__xgboost__train_inner,SocialNetwork,Collaborative,3883,6,0.00154519701261911
primary__matched_flow_stats__xgboost__train_inner,SocialNetwork,ConnCheck,3883,0,0
primary__matched_flow_stats__xgboost__train_inner,SocialNetwork,Database,3883,0,0
primary__matched_flow_stats__xgboost__train_inner,SocialNetwork,Download,3883,0,0
primary__matched_flow_stats__xgboost__train_inner,SocialNetwork,Email,3883,0,0
primary__matched_flow_stats__xgboost__train_inner,SocialNetwork,Network,3883,0,0
primary__matched_flow_stats__xgboost__train_inner,SocialNetwork,SocialNetwork,3883,3569,0.919134689672933
primary__matched_flow_stats__xgboost__train_inner,SocialNetwork,SoftwareUpdate,3883,0,0
primary__matched_flow_stats__xgboost__train_inner,SocialNetwork,System,3883,0,0
primary__matched_flow_stats__xgboost__train_inner,SocialNetwork,Unspecified,3883,0,0
primary__matched_flow_stats__xgboost__train_inner,SocialNetwork,VoIP,3883,1,0.000257532835436518
primary__matched_flow_stats__xgboost__train_inner,SocialNetwork,Web,3883,252,0.0648982745300026
primary__matched_flow_stats__xgboost__train_inner,SoftwareUpdate,Chat,737,2,0.00271370420624152
primary__matched_flow_stats__xgboost__train_inner,SoftwareUpdate,Cloud,737,3,0.00407055630936228
primary__matched_flow_stats__xgboost__train_inner,SoftwareUpdate,Collaborative,737,14,0.0189959294436906
primary__matched_flow_stats__xgboost__train_inner,SoftwareUpdate,ConnCheck,737,4,0.00542740841248304
primary__matched_flow_stats__xgboost__train_inner,SoftwareUpdate,Database,737,0,0
primary__matched_flow_stats__xgboost__train_inner,SoftwareUpdate,Download,737,70,0.0949796472184532
primary__matched_flow_stats__xgboost__train_inner,SoftwareUpdate,Email,737,0,0
primary__matched_flow_stats__xgboost__train_inner,SoftwareUpdate,Network,737,0,0
primary__matched_flow_stats__xgboost__train_inner,SoftwareUpdate,SocialNetwork,737,0,0
primary__matched_flow_stats__xgboost__train_inner,SoftwareUpdate,SoftwareUpdate,737,467,0.633649932157395
primary__matched_flow_stats__xgboost__train_inner,SoftwareUpdate,System,737,0,0
primary__matched_flow_stats__xgboost__train_inner,SoftwareUpdate,Unspecified,737,0,0
primary__matched_flow_stats__xgboost__train_inner,SoftwareUpdate,VoIP,737,1,0.00135685210312076
primary__matched_flow_stats__xgboost__train_inner,SoftwareUpdate,Web,737,176,0.238805970149254
primary__matched_flow_stats__xgboost__train_inner,System,Chat,1230,0,0
primary__matched_flow_stats__xgboost__train_inner,System,Cloud,1230,0,0
primary__matched_flow_stats__xgboost__train_inner,System,Collaborative,1230,116,0.0943089430894309
primary__matched_flow_stats__xgboost__train_inner,System,ConnCheck,1230,0,0
primary__matched_flow_stats__xgboost__train_inner,System,Database,1230,0,0
primary__matched_flow_stats__xgboost__train_inner,System,Download,1230,0,0
primary__matched_flow_stats__xgboost__train_inner,System,Email,1230,0,0
primary__matched_flow_stats__xgboost__train_inner,System,Network,1230,1093,0.888617886178862
primary__matched_flow_stats__xgboost__train_inner,System,SocialNetwork,1230,0,0
primary__matched_flow_stats__xgboost__train_inner,System,SoftwareUpdate,1230,0,0
primary__matched_flow_stats__xgboost__train_inner,System,System,1230,6,0.0048780487804878
primary__matched_flow_stats__xgboost__train_inner,System,Unspecified,1230,2,0.0016260162601626
primary__matched_flow_stats__xgboost__train_inner,System,VoIP,1230,8,0.00650406504065041
primary__matched_flow_stats__xgboost__train_inner,System,Web,1230,5,0.0040650406504065
primary__matched_flow_stats__xgboost__train_inner,Unspecified,Chat,5680,57,0.0100352112676056
primary__matched_flow_stats__xgboost__train_inner,Unspecified,Cloud,5680,0,0
primary__matched_flow_stats__xgboost__train_inner,Unspecified,Collaborative,5680,1,0.000176056338028169
primary__matched_flow_stats__xgboost__train_inner,Unspecified,ConnCheck,5680,0,0
primary__matched_flow_stats__xgboost__train_inner,Unspecified,Database,5680,7,0.00123239436619718
primary__matched_flow_stats__xgboost__train_inner,Unspecified,Download,5680,0,0
primary__matched_flow_stats__xgboost__train_inner,Unspecified,Email,5680,9,0.00158450704225352
primary__matched_flow_stats__xgboost__train_inner,Unspecified,Network,5680,4,0.000704225352112676
primary__matched_flow_stats__xgboost__train_inner,Unspecified,SocialNetwork,5680,1,0.000176056338028169
primary__matched_flow_stats__xgboost__train_inner,Unspecified,SoftwareUpdate,5680,0,0
primary__matched_flow_stats__xgboost__train_inner,Unspecified,System,5680,1,0.000176056338028169
primary__matched_flow_stats__xgboost__train_inner,Unspecified,Unspecified,5680,5550,0.977112676056338
primary__matched_flow_stats__xgboost__train_inner,Unspecified,VoIP,5680,7,0.00123239436619718
primary__matched_flow_stats__xgboost__train_inner,Unspecified,Web,5680,43,0.00757042253521127
primary__matched_flow_stats__xgboost__train_inner,VoIP,Chat,1569,9,0.00573613766730402
primary__matched_flow_stats__xgboost__train_inner,VoIP,Cloud,1569,2,0.00127469725940089
primary__matched_flow_stats__xgboost__train_inner,VoIP,Collaborative,1569,4,0.00254939451880178
primary__matched_flow_stats__xgboost__train_inner,VoIP,ConnCheck,1569,0,0
primary__matched_flow_stats__xgboost__train_inner,VoIP,Database,1569,0,0
primary__matched_flow_stats__xgboost__train_inner,VoIP,Download,1569,1,0.000637348629700446
primary__matched_flow_stats__xgboost__train_inner,VoIP,Email,1569,0,0
primary__matched_flow_stats__xgboost__train_inner,VoIP,Network,1569,213,0.135755258126195
primary__matched_flow_stats__xgboost__train_inner,VoIP,SocialNetwork,1569,3,0.00191204588910134
primary__matched_flow_stats__xgboost__train_inner,VoIP,SoftwareUpdate,1569,0,0
primary__matched_flow_stats__xgboost__train_inner,VoIP,System,1569,0,0
primary__matched_flow_stats__xgboost__train_inner,VoIP,Unspecified,1569,1,0.000637348629700446
primary__matched_flow_stats__xgboost__train_inner,VoIP,VoIP,1569,1268,0.808158062460166
primary__matched_flow_stats__xgboost__train_inner,VoIP,Web,1569,68,0.0433397068196303
primary__matched_flow_stats__xgboost__train_inner,Web,Chat,110690,1264,0.0114192790676665
primary__matched_flow_stats__xgboost__train_inner,Web,Cloud,110690,403,0.00364079862679556
primary__matched_flow_stats__xgboost__train_inner,Web,Collaborative,110690,2670,0.0241214201824916
primary__matched_flow_stats__xgboost__train_inner,Web,ConnCheck,110690,20,0.000180684795374469
primary__matched_flow_stats__xgboost__train_inner,Web,Database,110690,2,1.80684795374469e-05
primary__matched_flow_stats__xgboost__train_inner,Web,Download,110690,111,0.0010028006143283
primary__matched_flow_stats__xgboost__train_inner,Web,Email,110690,9,8.13081579185112e-05
primary__matched_flow_stats__xgboost__train_inner,Web,Network,110690,151,0.00136417020507724
primary__matched_flow_stats__xgboost__train_inner,Web,SocialNetwork,110690,159,0.00143644412322703
primary__matched_flow_stats__xgboost__train_inner,Web,SoftwareUpdate,110690,100,0.000903423976872346
primary__matched_flow_stats__xgboost__train_inner,Web,System,110690,0,0
primary__matched_flow_stats__xgboost__train_inner,Web,Unspecified,110690,54,0.000487848947511067
primary__matched_flow_stats__xgboost__train_inner,Web,VoIP,110690,233,0.00210497786611257
primary__matched_flow_stats__xgboost__train_inner,Web,Web,110690,105514,0.953238774957087
primary__flattened_splt__xgboost__train_inner,Chat,Chat,3985,3076,0.77189460476788
primary__flattened_splt__xgboost__train_inner,Chat,Cloud,3985,0,0
primary__flattened_splt__xgboost__train_inner,Chat,Collaborative,3985,10,0.00250941028858218
primary__flattened_splt__xgboost__train_inner,Chat,ConnCheck,3985,0,0
primary__flattened_splt__xgboost__train_inner,Chat,Database,3985,1,0.000250941028858218
primary__flattened_splt__xgboost__train_inner,Chat,Download,3985,9,0.00225846925972396
primary__flattened_splt__xgboost__train_inner,Chat,Email,3985,0,0
primary__flattened_splt__xgboost__train_inner,Chat,Network,3985,5,0.00125470514429109
primary__flattened_splt__xgboost__train_inner,Chat,SocialNetwork,3985,0,0
primary__flattened_splt__xgboost__train_inner,Chat,SoftwareUpdate,3985,0,0
primary__flattened_splt__xgboost__train_inner,Chat,System,3985,0,0
primary__flattened_splt__xgboost__train_inner,Chat,Unspecified,3985,10,0.00250941028858218
primary__flattened_splt__xgboost__train_inner,Chat,VoIP,3985,51,0.0127979924717691
primary__flattened_splt__xgboost__train_inner,Chat,Web,3985,823,0.206524466750314
primary__flattened_splt__xgboost__train_inner,Cloud,Chat,5778,6,0.00103842159916926
primary__flattened_splt__xgboost__train_inner,Cloud,Cloud,5778,4121,0.713222568362755
primary__flattened_splt__xgboost__train_inner,Cloud,Collaborative,5778,181,0.0313257182416061
primary__flattened_splt__xgboost__train_inner,Cloud,ConnCheck,5778,0,0
primary__flattened_splt__xgboost__train_inner,Cloud,Database,5778,0,0
primary__flattened_splt__xgboost__train_inner,Cloud,Download,5778,0,0
primary__flattened_splt__xgboost__train_inner,Cloud,Email,5778,0,0
primary__flattened_splt__xgboost__train_inner,Cloud,Network,5778,12,0.00207684319833853
primary__flattened_splt__xgboost__train_inner,Cloud,SocialNetwork,5778,0,0
primary__flattened_splt__xgboost__train_inner,Cloud,SoftwareUpdate,5778,0,0
primary__flattened_splt__xgboost__train_inner,Cloud,System,5778,0,0
primary__flattened_splt__xgboost__train_inner,Cloud,Unspecified,5778,1,0.00017307026652821
primary__flattened_splt__xgboost__train_inner,Cloud,VoIP,5778,2,0.000346140533056421
primary__flattened_splt__xgboost__train_inner,Cloud,Web,5778,1455,0.251817237798546
primary__flattened_splt__xgboost__train_inner,Collaborative,Chat,6632,5,0.000753920386007238
primary__flattened_splt__xgboost__train_inner,Collaborative,Cloud,6632,4,0.00060313630880579
primary__flattened_splt__xgboost__train_inner,Collaborative,Collaborative,6632,3633,0.547798552472859
primary__flattened_splt__xgboost__train_inner,Collaborative,ConnCheck,6632,0,0
primary__flattened_splt__xgboost__train_inner,Collaborative,Database,6632,0,0
primary__flattened_splt__xgboost__train_inner,Collaborative,Download,6632,0,0
primary__flattened_splt__xgboost__train_inner,Collaborative,Email,6632,0,0
primary__flattened_splt__xgboost__train_inner,Collaborative,Network,6632,24,0.00361881785283474
primary__flattened_splt__xgboost__train_inner,Collaborative,SocialNetwork,6632,0,0
primary__flattened_splt__xgboost__train_inner,Collaborative,SoftwareUpdate,6632,0,0
primary__flattened_splt__xgboost__train_inner,Collaborative,System,6632,0,0
primary__flattened_splt__xgboost__train_inner,Collaborative,Unspecified,6632,0,0
primary__flattened_splt__xgboost__train_inner,Collaborative,VoIP,6632,920,0.138721351025332
primary__flattened_splt__xgboost__train_inner,Collaborative,Web,6632,2046,0.308504221954162
primary__flattened_splt__xgboost__train_inner,ConnCheck,Chat,281,24,0.0854092526690391
primary__flattened_splt__xgboost__train_inner,ConnCheck,Cloud,281,0,0
primary__flattened_splt__xgboost__train_inner,ConnCheck,Collaborative,281,1,0.00355871886120996
primary__flattened_splt__xgboost__train_inner,ConnCheck,ConnCheck,281,135,0.480427046263345
primary__flattened_splt__xgboost__train_inner,ConnCheck,Database,281,0,0
primary__flattened_splt__xgboost__train_inner,ConnCheck,Download,281,1,0.00355871886120996
primary__flattened_splt__xgboost__train_inner,ConnCheck,Email,281,0,0
primary__flattened_splt__xgboost__train_inner,ConnCheck,Network,281,3,0.0106761565836299
primary__flattened_splt__xgboost__train_inner,ConnCheck,SocialNetwork,281,0,0
primary__flattened_splt__xgboost__train_inner,ConnCheck,SoftwareUpdate,281,0,0
primary__flattened_splt__xgboost__train_inner,ConnCheck,System,281,0,0
primary__flattened_splt__xgboost__train_inner,ConnCheck,Unspecified,281,0,0
primary__flattened_splt__xgboost__train_inner,ConnCheck,VoIP,281,0,0
primary__flattened_splt__xgboost__train_inner,ConnCheck,Web,281,117,0.416370106761566
primary__flattened_splt__xgboost__train_inner,Database,Chat,327,0,0
primary__flattened_splt__xgboost__train_inner,Database,Cloud,327,0,0
primary__flattened_splt__xgboost__train_inner,Database,Collaborative,327,0,0
primary__flattened_splt__xgboost__train_inner,Database,ConnCheck,327,0,0
primary__flattened_splt__xgboost__train_inner,Database,Database,327,316,0.966360856269113
primary__flattened_splt__xgboost__train_inner,Database,Download,327,0,0
primary__flattened_splt__xgboost__train_inner,Database,Email,327,0,0
primary__flattened_splt__xgboost__train_inner,Database,Network,327,0,0
primary__flattened_splt__xgboost__train_inner,Database,SocialNetwork,327,0,0
primary__flattened_splt__xgboost__train_inner,Database,SoftwareUpdate,327,0,0
primary__flattened_splt__xgboost__train_inner,Database,System,327,0,0
primary__flattened_splt__xgboost__train_inner,Database,Unspecified,327,11,0.0336391437308868
primary__flattened_splt__xgboost__train_inner,Database,VoIP,327,0,0
primary__flattened_splt__xgboost__train_inner,Database,Web,327,0,0
primary__flattened_splt__xgboost__train_inner,Download,Chat,651,205,0.314900153609831
primary__flattened_splt__xgboost__train_inner,Download,Cloud,651,0,0
primary__flattened_splt__xgboost__train_inner,Download,Collaborative,651,23,0.0353302611367127
primary__flattened_splt__xgboost__train_inner,Download,ConnCheck,651,1,0.00153609831029186
primary__flattened_splt__xgboost__train_inner,Download,Database,651,0,0
primary__flattened_splt__xgboost__train_inner,Download,Download,651,226,0.34715821812596
primary__flattened_splt__xgboost__train_inner,Download,Email,651,0,0
primary__flattened_splt__xgboost__train_inner,Download,Network,651,2,0.00307219662058372
primary__flattened_splt__xgboost__train_inner,Download,SocialNetwork,651,0,0
primary__flattened_splt__xgboost__train_inner,Download,SoftwareUpdate,651,0,0
primary__flattened_splt__xgboost__train_inner,Download,System,651,0,0
primary__flattened_splt__xgboost__train_inner,Download,Unspecified,651,1,0.00153609831029186
primary__flattened_splt__xgboost__train_inner,Download,VoIP,651,0,0
primary__flattened_splt__xgboost__train_inner,Download,Web,651,193,0.296466973886329
primary__flattened_splt__xgboost__train_inner,Email,Chat,391,0,0
primary__flattened_splt__xgboost__train_inner,Email,Cloud,391,0,0
primary__flattened_splt__xgboost__train_inner,Email,Collaborative,391,1,0.00255754475703325
primary__flattened_splt__xgboost__train_inner,Email,ConnCheck,391,0,0
primary__flattened_splt__xgboost__train_inner,Email,Database,391,11,0.0281329923273657
primary__flattened_splt__xgboost__train_inner,Email,Download,391,0,0
primary__flattened_splt__xgboost__train_inner,Email,Email,391,229,0.585677749360614
primary__flattened_splt__xgboost__train_inner,Email,Network,391,0,0
primary__flattened_splt__xgboost__train_inner,Email,SocialNetwork,391,0,0
primary__flattened_splt__xgboost__train_inner,Email,SoftwareUpdate,391,0,0
primary__flattened_splt__xgboost__train_inner,Email,System,391,0,0
primary__flattened_splt__xgboost__train_inner,Email,Unspecified,391,109,0.278772378516624
primary__flattened_splt__xgboost__train_inner,Email,VoIP,391,0,0
primary__flattened_splt__xgboost__train_inner,Email,Web,391,41,0.104859335038363
primary__flattened_splt__xgboost__train_inner,Network,Chat,84447,5,5.92087344725094e-05
primary__flattened_splt__xgboost__train_inner,Network,Cloud,84447,0,0
primary__flattened_splt__xgboost__train_inner,Network,Collaborative,84447,1,1.18417468945019e-05
primary__flattened_splt__xgboost__train_inner,Network,ConnCheck,84447,0,0
primary__flattened_splt__xgboost__train_inner,Network,Database,84447,15,0.000177626203417528
primary__flattened_splt__xgboost__train_inner,Network,Download,84447,0,0
primary__flattened_splt__xgboost__train_inner,Network,Email,84447,1,1.18417468945019e-05
primary__flattened_splt__xgboost__train_inner,Network,Network,84447,84086,0.995725129371085
primary__flattened_splt__xgboost__train_inner,Network,SocialNetwork,84447,0,0
primary__flattened_splt__xgboost__train_inner,Network,SoftwareUpdate,84447,0,0
primary__flattened_splt__xgboost__train_inner,Network,System,84447,0,0
primary__flattened_splt__xgboost__train_inner,Network,Unspecified,84447,4,4.73669875780075e-05
primary__flattened_splt__xgboost__train_inner,Network,VoIP,84447,293,0.00346963184008905
primary__flattened_splt__xgboost__train_inner,Network,Web,84447,42,0.000497353369569079
primary__flattened_splt__xgboost__train_inner,SocialNetwork,Chat,3883,34,0.00875611640484162
primary__flattened_splt__xgboost__train_inner,SocialNetwork,Cloud,3883,1,0.000257532835436518
primary__flattened_splt__xgboost__train_inner,SocialNetwork,Collaborative,3883,130,0.0334792686067474
primary__flattened_splt__xgboost__train_inner,SocialNetwork,ConnCheck,3883,0,0
primary__flattened_splt__xgboost__train_inner,SocialNetwork,Database,3883,0,0
primary__flattened_splt__xgboost__train_inner,SocialNetwork,Download,3883,0,0
primary__flattened_splt__xgboost__train_inner,SocialNetwork,Email,3883,0,0
primary__flattened_splt__xgboost__train_inner,SocialNetwork,Network,3883,0,0
primary__flattened_splt__xgboost__train_inner,SocialNetwork,SocialNetwork,3883,1218,0.313674993561679
primary__flattened_splt__xgboost__train_inner,SocialNetwork,SoftwareUpdate,3883,0,0
primary__flattened_splt__xgboost__train_inner,SocialNetwork,System,3883,0,0
primary__flattened_splt__xgboost__train_inner,SocialNetwork,Unspecified,3883,0,0
primary__flattened_splt__xgboost__train_inner,SocialNetwork,VoIP,3883,3,0.000772598506309554
primary__flattened_splt__xgboost__train_inner,SocialNetwork,Web,3883,2497,0.643059490084986
primary__flattened_splt__xgboost__train_inner,SoftwareUpdate,Chat,737,97,0.131614654002714
primary__flattened_splt__xgboost__train_inner,SoftwareUpdate,Cloud,737,0,0
primary__flattened_splt__xgboost__train_inner,SoftwareUpdate,Collaborative,737,169,0.229308005427408
primary__flattened_splt__xgboost__train_inner,SoftwareUpdate,ConnCheck,737,22,0.0298507462686567
primary__flattened_splt__xgboost__train_inner,SoftwareUpdate,Database,737,0,0
primary__flattened_splt__xgboost__train_inner,SoftwareUpdate,Download,737,0,0
primary__flattened_splt__xgboost__train_inner,SoftwareUpdate,Email,737,0,0
primary__flattened_splt__xgboost__train_inner,SoftwareUpdate,Network,737,3,0.00407055630936228
primary__flattened_splt__xgboost__train_inner,SoftwareUpdate,SocialNetwork,737,0,0
primary__flattened_splt__xgboost__train_inner,SoftwareUpdate,SoftwareUpdate,737,53,0.0719131614654003
primary__flattened_splt__xgboost__train_inner,SoftwareUpdate,System,737,0,0
primary__flattened_splt__xgboost__train_inner,SoftwareUpdate,Unspecified,737,0,0
primary__flattened_splt__xgboost__train_inner,SoftwareUpdate,VoIP,737,0,0
primary__flattened_splt__xgboost__train_inner,SoftwareUpdate,Web,737,393,0.533242876526459
primary__flattened_splt__xgboost__train_inner,System,Chat,1230,0,0
primary__flattened_splt__xgboost__train_inner,System,Cloud,1230,0,0
primary__flattened_splt__xgboost__train_inner,System,Collaborative,1230,0,0
primary__flattened_splt__xgboost__train_inner,System,ConnCheck,1230,0,0
primary__flattened_splt__xgboost__train_inner,System,Database,1230,0,0
primary__flattened_splt__xgboost__train_inner,System,Download,1230,0,0
primary__flattened_splt__xgboost__train_inner,System,Email,1230,0,0
primary__flattened_splt__xgboost__train_inner,System,Network,1230,1226,0.996747967479675
primary__flattened_splt__xgboost__train_inner,System,SocialNetwork,1230,0,0
primary__flattened_splt__xgboost__train_inner,System,SoftwareUpdate,1230,0,0
primary__flattened_splt__xgboost__train_inner,System,System,1230,0,0
primary__flattened_splt__xgboost__train_inner,System,Unspecified,1230,0,0
primary__flattened_splt__xgboost__train_inner,System,VoIP,1230,4,0.0032520325203252
primary__flattened_splt__xgboost__train_inner,System,Web,1230,0,0
primary__flattened_splt__xgboost__train_inner,Unspecified,Chat,5680,262,0.0461267605633803
primary__flattened_splt__xgboost__train_inner,Unspecified,Cloud,5680,0,0
primary__flattened_splt__xgboost__train_inner,Unspecified,Collaborative,5680,14,0.00246478873239437
primary__flattened_splt__xgboost__train_inner,Unspecified,ConnCheck,5680,0,0
primary__flattened_splt__xgboost__train_inner,Unspecified,Database,5680,11,0.00193661971830986
primary__flattened_splt__xgboost__train_inner,Unspecified,Download,5680,0,0
primary__flattened_splt__xgboost__train_inner,Unspecified,Email,5680,3,0.000528169014084507
primary__flattened_splt__xgboost__train_inner,Unspecified,Network,5680,20,0.00352112676056338
primary__flattened_splt__xgboost__train_inner,Unspecified,SocialNetwork,5680,1,0.000176056338028169
primary__flattened_splt__xgboost__train_inner,Unspecified,SoftwareUpdate,5680,0,0
primary__flattened_splt__xgboost__train_inner,Unspecified,System,5680,0,0
primary__flattened_splt__xgboost__train_inner,Unspecified,Unspecified,5680,5264,0.926760563380282
primary__flattened_splt__xgboost__train_inner,Unspecified,VoIP,5680,58,0.0102112676056338
primary__flattened_splt__xgboost__train_inner,Unspecified,Web,5680,47,0.00827464788732394
primary__flattened_splt__xgboost__train_inner,VoIP,Chat,1569,5,0.00318674314850223
primary__flattened_splt__xgboost__train_inner,VoIP,Cloud,1569,0,0
primary__flattened_splt__xgboost__train_inner,VoIP,Collaborative,1569,1,0.000637348629700446
primary__flattened_splt__xgboost__train_inner,VoIP,ConnCheck,1569,0,0
primary__flattened_splt__xgboost__train_inner,VoIP,Database,1569,0,0
primary__flattened_splt__xgboost__train_inner,VoIP,Download,1569,0,0
primary__flattened_splt__xgboost__train_inner,VoIP,Email,1569,0,0
primary__flattened_splt__xgboost__train_inner,VoIP,Network,1569,223,0.142128744423199
primary__flattened_splt__xgboost__train_inner,VoIP,SocialNetwork,1569,0,0
primary__flattened_splt__xgboost__train_inner,VoIP,SoftwareUpdate,1569,0,0
primary__flattened_splt__xgboost__train_inner,VoIP,System,1569,0,0
primary__flattened_splt__xgboost__train_inner,VoIP,Unspecified,1569,1,0.000637348629700446
primary__flattened_splt__xgboost__train_inner,VoIP,VoIP,1569,1331,0.848311026131294
primary__flattened_splt__xgboost__train_inner,VoIP,Web,1569,8,0.00509878903760357
primary__flattened_splt__xgboost__train_inner,Web,Chat,110690,107,0.00096666365525341
primary__flattened_splt__xgboost__train_inner,Web,Cloud,110690,18,0.000162616315837022
primary__flattened_splt__xgboost__train_inner,Web,Collaborative,110690,472,0.00426416117083747
primary__flattened_splt__xgboost__train_inner,Web,ConnCheck,110690,0,0
primary__flattened_splt__xgboost__train_inner,Web,Database,110690,1,9.03423976872346e-06
primary__flattened_splt__xgboost__train_inner,Web,Download,110690,5,4.51711988436173e-05
primary__flattened_splt__xgboost__train_inner,Web,Email,110690,2,1.80684795374469e-05
primary__flattened_splt__xgboost__train_inner,Web,Network,110690,166,0.00149968380160809
primary__flattened_splt__xgboost__train_inner,Web,SocialNetwork,110690,0,0
primary__flattened_splt__xgboost__train_inner,Web,SoftwareUpdate,110690,0,0
primary__flattened_splt__xgboost__train_inner,Web,System,110690,0,0
primary__flattened_splt__xgboost__train_inner,Web,Unspecified,110690,18,0.000162616315837022
primary__flattened_splt__xgboost__train_inner,Web,VoIP,110690,545,0.00492366067395429
primary__flattened_splt__xgboost__train_inner,Web,Web,110690,109356,0.987948324148523
